Board,References,Value,Qty fitted,Altronics code,Altronics description,Pack size,Order (packs),Unit price inc GST,Line total inc GST,Stock (delivery / Auburn NSW) on 2026-10-03,Notes,If not at Altronics
front,C36 C37,100n,2,R2931,0.1uF 50V X7R 5mm monolithic ceramic,1,20,0.30,6.00,IN / IN,,
front,C38,47u,1,R5104,47uF 25V electrolytic,1,5,0.50,2.50,IN / IN,,
front,D20 D21 D22 D23 D24 D25 D26 D34 D35,meter,9,Z0733,Yellow 50mcd 3mm flangeless LED,1,12,0.35,4.20,IN / IN,Meter LED. Altronics has no 2 mm round LEDs; 3 mm flangeless fit the footprint at 3.5 mm pitch but need the panel holes opened from 2.2 to 3.1 mm. No amber: yellow stands in.,Keep 2 mm: 2 mm round flat-top LEDs from element14 / DigiKey
front,D30 D31 D32 D33,meter,4,Z0731,Green 70mcd 3mm flangeless LED,1,6,0.40,2.40,IN / IN,Meter LED. Altronics has no 2 mm round LEDs; 3 mm flangeless fit the footprint at 3.5 mm pitch but need the panel holes opened from 2.2 to 3.1 mm. No amber: yellow stands in.,Keep 2 mm: 2 mm round flat-top LEDs from element14 / DigiKey
front,D36,meter,1,Z0730,Red 12mcd 3mm flangeless LED,1,3,0.30,0.90,IN / IN,Meter LED. Altronics has no 2 mm round LEDs; 3 mm flangeless fit the footprint at 3.5 mm pitch but need the panel holes opened from 2.2 to 3.1 mm. No amber: yellow stands in.,Keep 2 mm: 2 mm round flat-top LEDs from element14 / DigiKey
front,J1,MAIN BOARD,1,P5410,40 way x 2 header pin strip (cut to 2 x 15),1,1,1.20,1.20,IN / IN,"Altronics has no 30-way box header or IDC socket (their boxed headers go 26, 34, 40). A plain 2 x 15 header fits both footprints; one 2 x 40 strip covers both boards.","30-way IDC box header, two IDC sockets and 30-way cable from element14"
front,R89 R91,2k7,2,R7568,"2k7 0.25W 1% metal film resistor, pk 10",10,1,1.30,1.30,IN / IN,,
front,R90 R92,8k2,2,R7580,"8k2 0.25W 1% metal film resistor, pk 10",10,1,1.30,1.30,IN / IN,,
front,RV2 RV5,10k,2,R1946,10k lin 18T spline 9mm single vertical PCB pot,1,2,4.55,9.10,IN / IN,"9 mm vertical, 18T spline. Same pins and lugs as the RK09K footprint (lugs 8.6 mm apart, pins 7.0 mm behind them); body stands 10.6 mm off the board. Altronics doesn't dimension the shaft: check it lines up with the panel hole before cutting.",
front,RV3,100kA,1,R1960,100k log 18T spline 9mm single vertical PCB pot,1,1,4.55,4.55,IN / IN,"9 mm vertical, 18T spline. Same pins and lugs as the RK09K footprint (lugs 8.6 mm apart, pins 7.0 mm behind them); body stands 10.6 mm off the board. Altronics doesn't dimension the shaft: check it lines up with the panel hole before cutting.",
front,RV4,100k,1,R1948,100k lin 18T spline 9mm single vertical PCB pot,1,1,4.55,4.55,IN / IN,"9 mm vertical, 18T spline. Same pins and lugs as the RK09K footprint (lugs 8.6 mm apart, pins 7.0 mm behind them); body stands 10.6 mm off the board. Altronics doesn't dimension the shaft: check it lines up with the panel hole before cutting.",
front,RV6,1M,1,R1950,1M lin 18T spline 9mm single vertical PCB pot,1,1,4.55,4.55,IN / IN,"9 mm vertical, 18T spline. Same pins and lugs as the RK09K footprint (lugs 8.6 mm apart, pins 7.0 mm behind them); body stands 10.6 mm off the board. Altronics doesn't dimension the shaft: check it lines up with the panel hole before cutting.",
front,SW1,BYPASS,1,S1350,Salecom DPDT PCB mount mini toggle,1,1,4.60,4.60,IN / IN,BYPASS. DPDT on-on.,
front,SW2,INT/EXT,1,S1315,Salecom SPDT PCB mount mini toggle,1,3,2.95,8.85,IN / IN,INT/EXT. SPDT on-on (S1332 centre-off fits the same footprint).,
front,SW3,HPF DEFEAT,1,S1315,Salecom SPDT PCB mount mini toggle,1,see SW2,,,IN / IN,HPF DEFEAT. SPDT on-on (S1332 centre-off fits the same footprint).,
front,SW4,LINK,1,S1315,Salecom SPDT PCB mount mini toggle,1,see SW2,,,IN / IN,LINK. SPDT on-on (S1332 centre-off fits the same footprint).,
front,U9,LM3914,1,Z2670,LM3914 LED bar/dot driver (linear),1,1,9.10,9.10,LOW / LOW (in stock only at Cannington WA),Low stock: order early or call the store.,
front,U10,LM3915,1,NOT STOCKED,,,,,,,"LM3915 (log). Not at Altronics, Jaycar or element14 (searched 2026-10-03); DigiKey lists it obsolete. The LM3914 is linear, not a drop-in.",Rochester Electronics (authorised for obsolete TI parts) or a trusted surplus seller
main,C1 C2,22u,2,R6570B,22uF 50V bipolar electrolytic,1,4,1.10,4.40,IN / LOW,"Bipolar, as the design asks. Check its diameter against the 6.3 mm outline.",
main,C3 C4,1n,2,R2900A,0.001uF 50V X7R 5mm monolithic ceramic,1,4,0.40,1.60,IN / IN,,
main,C6 C16 C17,100u,3,R5124,100uF 25V electrolytic,1,5,0.55,2.75,IN / IN,,
main,C7 C20 C23 C24 C25 C26 C27 C28 C29 C30 C31 C32 C33 C34 C41 C42,100n,16,R2931,0.1uF 50V X7R 5mm monolithic ceramic,1,see C36,,,IN / IN,,
main,C11 C13,100p,2,R2822,100pF 50V SL 5mm ceramic,1,4,0.20,0.80,IN / IN,SL class ceramic; Altronics has no 100pF NP0 leaded part.,
main,C18,10n,1,R2910A,0.01uF 50V X7R 5mm monolithic ceramic,1,3,0.40,1.20,IN / IN,,
main,C19 C21,47u,2,R5104,47uF 25V electrolytic,1,see C38,,,IN / IN,,
main,C22,4u7,1,R4748,4.7uF 63V 105C electrolytic,1,3,0.30,0.90,IN / IN,"C22, electrolytic in the design.",
main,D5 D6 D7 D11 D12,1N4148,5,Z0101,1N914/1N4148 small signal diode,1,7,0.15,1.05,IN / IN,,
main,D8 D9,1N4004,2,Z0109,1N4004 400V 1A diode,1,4,0.20,0.80,IN / IN,,
main,D10,BZX79-C5V1,1,Z0614,5V1 1N4733 1W zener,1,3,1.75,5.25,IN / IN,"1N4733 is the 1 W part in a DO-41 body (fits the 7.62 mm footprint; leads 0.81 mm in 0.8 mm holes, ream to 1.0 if tight). Altronics has no 500 mW 5V1.",BZX79-C5V1 from element14
main,J2,FRONT BOARD,1,P5410,40 way x 2 header pin strip (cut to 2 x 15),1,see J1,,,IN / IN,"Altronics has no 30-way box header or IDC socket (their boxed headers go 26, 34, 40). A plain 2 x 15 header fits both footprints; one 2 x 40 strip covers both boards.","30-way IDC box header, two IDC sockets and 30-way cable from element14"
main,LED1,GR,1,Z0733,Yellow 50mcd 3mm flangeless LED,1,see D20,,,IN / IN,"GR indicator, 3 mm. Yellow standing in for amber.",
main,Q1 Q2 Q3 Q4 Q5 Q6 Q7 Q8 Q9,BC549C,9,Z1044,BC549 NPN TO-92,1,50,0.50,25.00,IN / IN,"Q1/Q2 a matched pair, Q6-Q9 a matched quad, glued together: buy a batch and sort by Vbe. Altronics does not state the gain group (the design wants BC549C).",
main,R1 R2 R3 R4 R23 R24 R80 R81 R82 R83,22k,10,R7590,"22k 0.25W 1% metal film resistor, pk 10",10,3,1.30,3.90,IN / IN,"Wants matching (0.1% or better as a ratio): buy extra and sort with a meter. R1-R4, R23/R24, R80-R83 set input and recovery CMRR.",
main,R5 R6 R28 R32 R33 R34 R52,100R,7,R7534,"100R 0.25W 1% metal film resistor, pk 10",10,1,1.30,1.30,IN / IN,,
main,R7,8k2,1,R7580,"8k2 0.25W 1% metal film resistor, pk 10",10,see R90,,,IN / IN,,
main,R8,75R,1,R7531,"75R 0.25W 1% metal film resistor, pk 10",10,1,1.30,1.30,IN / IN,,
main,R9,68k,1,R7602,"68k 0.25W 1% metal film resistor, pk 10",10,1,1.30,1.30,IN / IN,,
main,R10,11k,1,R7583,"11k 0.25W 1% metal film resistor, pk 10",10,1,1.30,1.30,LOW / IN,,
main,R11 R12 R19 R20 R29 R30 R39 R40 R41 R43 R84 R85 R86 R94,10k,14,R7582,"10k 0.25W 1% metal film resistor, pk 10",10,2,1.30,2.60,IN / IN,,
main,R13 R14 R15 R45,220R,4,R7542,"220R 0.25W 1% metal film resistor, pk 10",10,1,1.30,1.30,IN / BO,,
main,R16 R17,4k7,2,R7574,"4k7 0.25W 1% metal film resistor, pk 10",10,1,1.30,1.30,IN / IN,,
main,R18,1k5,1,R7562,"1k5 0.25W 1% metal film resistor, pk 10",10,1,1.30,1.30,IN / IN,,
main,R21 R22,6k8,2,R7578,"6k8 0.25W 1% metal film resistor, pk 10",10,1,1.30,1.30,IN / IN,Wants matching (0.1% or better as a ratio): buy extra and sort with a meter. R21/R22 set thump rejection.,
main,R26 R35 R38 R68 R87,1k,5,R7558,"1k 0.25W 1% metal film resistor, pk 10",10,1,1.30,1.30,IN / IN,,
main,R31 R49,5k1,2,R7575,"5k1 0.25W 1% metal film resistor, pk 10",10,1,1.30,1.30,IN / IN,,
main,R36,82k,1,R7604,"82k 0.25W 1% metal film resistor, pk 10",10,1,1.30,1.30,LOW / IN,,
main,R37,47k,1,R7598,"47k 0.25W 1% metal film resistor, pk 10",10,1,1.30,1.30,IN / IN,,
main,R42 R44,20k,2,R7589,"20k 0.25W 1% metal film resistor, pk 10",10,1,1.30,1.30,IN / IN,,
main,R46,47R,1,R7526,"47R 0.25W 1% metal film resistor, pk 10",10,1,1.30,1.30,IN / IN,,
main,R47,15k,1,R7586,"15k 0.25W 1% metal film resistor, pk 10",10,1,1.30,1.30,IN / IN,,
main,R50 R51,10R,2,R7510,"10R 0.25W 1% metal film resistor, pk 10",10,1,1.30,1.30,IN / IN,,
main,R53,1k8,1,R7564,"1k8 0.25W 1% metal film resistor, pk 10",10,1,1.30,1.30,IN / IN,,
main,R60,24k,1,R7591,"24k 0.25W 1% metal film resistor, pk 10",10,1,1.30,1.30,LOW / IN,,
main,R69,36k,1,R7595,"36k 0.25W 1% metal film resistor, pk 10",10,1,1.30,1.30,IN / IN,,
main,R74,220k,1,R7614,"220k 0.25W 1% metal film resistor, pk 10",10,1,1.30,1.30,IN / IN,,
main,R77,3k9,1,R7572,"3k9 0.25W 1% metal film resistor, pk 10",10,1,1.30,1.30,IN / IN,,
main,R88,100k,1,R7606,"100k 0.25W 1% metal film resistor, pk 10",10,1,1.30,1.30,IN / IN,,
main,R93,18k,1,R7588,"18k 0.25W 1% metal film resistor, pk 10",10,1,1.30,1.30,IN / IN,,
main,RV1,2k,1,R2378A,2k 3296W top adjust 25 turn trimpot,1,3,3.15,9.45,IN / IN,,
main,RV7 RV8,20k,2,R2384A,20k 3296W top adjust 25 turn trimpot,1,4,3.15,12.60,IN / IN,,
main,U1 U2 U3 U5 U6 U7,NE5532,6,Z2785,NE5532AP dual op amp,1,7,3.50,24.50,IN / IN,Socketed (P0550).,
main,U4,TL072,1,Z2872,TL072 dual JFET op amp,1,2,2.20,4.40,IN / IN,"U4, socketed (P0550).",
main,C5 C8,10u,2,NOT STOCKED,,,,,,,"10u film. Altronics film stops at 1.0uF (R3037B MKT) at 5 mm pitch, and its 2.2uF film is a 27 mm greencap. The main board is drawn for the element14 part named here.","element14 3518951: TDK B32562H1106K000, 10uF 63V PET, 15 mm pitch, 16.5 x 11.8 x 13 mm. $8.86 each, 538 in stock (UK, 3-5 days)"
main,C9 C10,4u7,2,NOT STOCKED,,,,,,,"4u7 film. Altronics film stops at 1.0uF (R3037B MKT) at 5 mm pitch, and its 2.2uF film is a 27 mm greencap. The main board is drawn for the element14 part named here.","element14 4457285: TDK B32562H1475K000, 4.7uF 100V PET, 15 mm pitch, 16.5 x 7.3 x 10.6 mm. $5.23 each (min 5), 880 in stock (UK, 3-5 days)"
main,C14 C35,2u2,2,NOT STOCKED,,,,,,,"2u2 film. Altronics film stops at 1.0uF (R3037B MKT) at 5 mm pitch, and its 2.2uF film is a 27 mm greencap. The main board is drawn for the element14 part named here.","element14 2429330: KEMET MMK5225K63J06L4BULK, 2.2uF 63V PET, 5 mm pitch, 7.2 x 7.2 x 13 mm. $1.19 each (min 10), 884 in stock, not being restocked"
main,C15,10u,1,NOT STOCKED,,,,,,,"Timing capacitor, must be film (low leakage). Altronics film stops at 1.0uF (R3037B MKT) at 5 mm pitch, and its 2.2uF film is a 27 mm greencap. The main board is drawn for the element14 part named here.","element14 3518951: TDK B32562H1106K000, 10uF 63V PET, 15 mm pitch, 16.5 x 11.8 x 13 mm. $8.86 each, 538 in stock (UK, 3-5 days)"
main,R48,0R,1,NOT STOCKED,,,,,,,Wire link: the 0R is the PGND to AGND star link. Nothing to order.,
main,R61,1k33,1,NOT STOCKED,,,,,,,"1k33 0.1%. Altronics stocks E24 1% only (nearest is 1k3, R7561). Sets the gain cell rest point with R62, by absolute value.","element14 / DigiKey: 1k33 0.1% 25 ppm axial metal film, e.g. Vishay CMF55 or RN55D series (not checked)"
main,R62,23k2,1,NOT STOCKED,,,,,,,"23k2 0.1%, see R61. No Altronics equivalent.",element14 / DigiKey: 23k2 0.1% 25 ppm axial metal film (not checked)
hardware,J1-J2,,1,P1023,"Socket to socket 30 way prototyping ribbon strip, 150mm",1,1,5.20,5.20,IN / IN,"Board-to-board ribbon: 30 single-way sockets each end, 150 mm. Unkeyed, so keep wire 1 on pin 1 at both ends. Lay the boards out first: 150 mm is an estimate.",
hardware,RV2-RV6,,5,H6545,11 x 14mm aluminium black 18T spline knob,1,5,3.95,19.75,IN,"Knobs. 11 mm across: ATTACK and RELEASE are only 15.1 mm apart, so anything over ~13 mm clashes.",
hardware,U1-U7,,10,P0550,8 pin 0.3in DIL tinned IC socket,1,10,0.35,3.50,IN / IN,DIP-8 sockets for the op amps (the footprints are socket outlines). The LM391x go in direct: sockets would foul the meter LEDs.,
hardware,bracket,,1,H3110A,"M3 x 6mm pan pozi nickel bolt, pk 25",25,1,2.55,2.55,IN / IN,M3 screws for the L-bracket to H1/H2 and the panel.,
hardware,bracket,,1,H3175,"M3 hex nut, pk 25",25,1,2.65,2.65,IN / IN,M3 nuts.,
hardware,bracket,,1,NOT STOCKED,"25 x 25 mm aluminium angle, ~40 mm long",,,,,,,hardware store
hardware,panel,,1,NOT STOCKED,"Faceplate 38.10 x 133.35 x 3.18 mm aluminium, from panel/faceplate.dxf",,,,,,,panel shop

,,,,,"Altronics total, inc GST, excluding postage",,,,229.85,checked 2026-10-03,,
